CANCER A cells area_x,CANCER A cells area_y,CANCER B cells area_x,CANCER B cells area_y,Total cancer cell area_x,Total cancer cell area_y
0.,0.0019,0.,0.,0.,0.0019
40.,0.0024,40.,0.,40.,0.0024
80.,0.0025,80.,0.,80.,0.0025
120.,0.0025,120.,0.,120.,0.0025
160.,0.0026,160.,0.,160.,0.0026
200.,0.0027,200.,0.,200.,0.0027
240.,0.0028,240.,0.,240.,0.0028
280.,0.0027,280.,0.,280.,0.0027
320.,0.0028,320.,0.,320.,0.0028
360.,0.0029,360.,0.,360.,0.0029
400.,0.0032,400.,0.,400.,0.0032
440.,0.0033,440.,0.,440.,0.0033
480.,0.0046,480.,0.,480.,0.0046
520.,0.0075,520.,0.,520.,0.0075
560.,0.0112,560.,0.,560.,0.0112
600.,0.0173,600.,0.,600.,0.0173
640.,0.0292,640.,0.,640.,0.0292
680.,0.0444,680.,0.,680.,0.0444
720.,0.0668,720.,0.,720.,0.0668
760.,0.0928,760.,0.0017,760.,0.0945
800.,0.1254,800.,0.0021,800.,0.1275
840.,0.1649,840.,0.0021,840.,0.167
880.,0.202,880.,0.0022,880.,0.2042
920.,0.2453,920.,0.0023,920.,0.2476
960.,0.2865,960.,0.0025,960.,0.289
1000.,0.3284,1000.,0.0026,1000.,0.331
1040.,0.3715,1040.,0.0026,1040.,0.3741
1080.,0.4163,1080.,0.003,1080.,0.4193
1120.,0.468,1120.,0.0041,1120.,0.4721
1160.,0.5251,1160.,0.0049,1160.,0.53
1200.,0.5885,1200.,0.0064,1200.,0.5949
1240.,0.6578,1240.,0.0072,1240.,0.665
1280.,0.742,1280.,0.0084,1280.,0.7504
1320.,0.8341,1320.,0.0093,1320.,0.8434
1360.,0.9306,1360.,0.0102,1360.,0.9408
1400.,1.0393,1400.,0.0103,1400.,1.0496
1440.,1.1487,1440.,0.011,1440.,1.1597
1480.,1.2578,1480.,0.0111,1480.,1.2689
1520.,1.3681,1520.,0.0114,1520.,1.3795
1560.,1.4714,1560.,0.0119,1560.,1.4833
1600.,1.5743,1600.,0.0128,1600.,1.5871
1640.,1.6794,1640.,0.0116,1640.,1.691
1680.,1.7869,1680.,0.0124,1680.,1.7993
1720.,1.8976,1720.,0.0132,1720.,1.9108
1760.,2.0261,1760.,0.0116,1760.,2.0377
1800.,2.1423,1800.,0.0116,1800.,2.1539
1840.,2.2577,1840.,0.0122,1840.,2.2699
1880.,2.387,1880.,0.0123,1880.,2.3993
1920.,2.5318,1920.,0.01,1920.,2.5418
1960.,2.6679,1960.,0.0103,1960.,2.6782
2000.,2.8148,2000.,0.0104,2000.,2.8252
2040.,2.9544,2040.,0.0106,2040.,2.965
2080.,3.0953,2080.,0.0086,2080.,3.1039
2120.,3.2138,2120.,0.0074,2120.,3.2212
2160.,3.2991,2160.,0.0076,2160.,3.3067
2200.,3.3623,2200.,0.0083,2200.,3.3706
2240.,3.3567,2240.,0.0083,2240.,3.365
2280.,3.3523,2280.,0.0087,2280.,3.361
2320.,3.3574,2320.,0.0062,2320.,3.3636
2360.,3.3414,2360.,0.0068,2360.,3.3482
2400.,3.3005,2400.,0.0071,2400.,3.3076
2440.,3.3207,2440.,0.0069,2440.,3.3276
2480.,3.288,2480.,0.0083,2480.,3.2963
2520.,3.2891,2520.,0.0088,2520.,3.2979
2560.,3.3031,2560.,0.008,2560.,3.3111
2600.,3.3139,2600.,0.0087,2600.,3.3226
2640.,3.3213,2640.,0.0077,2640.,3.329
2680.,3.2905,2680.,0.0084,2680.,3.2989
2720.,3.2965,2720.,0.0091,2720.,3.3056
2760.,3.2944,2760.,0.0099,2760.,3.3043
2800.,3.3102,2800.,0.0104,2800.,3.3206
2840.,3.3051,2840.,0.0115,2840.,3.3166
2880.,3.2649,2880.,0.0126,2880.,3.2775
2920.,3.2657,2920.,0.0133,2920.,3.279
2960.,3.2576,2960.,0.0144,2960.,3.272
3000.,3.2566,3000.,0.014,3000.,3.2706
3040.,3.2357,3040.,0.0155,3040.,3.2512
3080.,3.2331,3080.,0.0156,3080.,3.2487
3120.,3.2472,3120.,0.0188,3120.,3.266
3160.,3.2503,3160.,0.02,3160.,3.2703
3200.,3.2283,3200.,0.0222,3200.,3.2505
3240.,3.2193,3240.,0.0242,3240.,3.2435
3280.,3.2276,3280.,0.0225,3280.,3.2501
3320.,3.2115,3320.,0.0232,3320.,3.2347
3360.,3.2377,3360.,0.022,3360.,3.2597
3400.,3.2371,3400.,0.0222,3400.,3.2593
3440.,3.2443,3440.,0.0236,3440.,3.2679
3480.,3.2566,3480.,0.0248,3480.,3.2814
3520.,3.2467,3520.,0.0268,3520.,3.2735
3560.,3.2467,3560.,0.0244,3560.,3.2711
3600.,3.2396,3600.,0.0249,3600.,3.2645
3640.,3.2241,3640.,0.0244,3640.,3.2485
3680.,3.2353,3680.,0.0265,3680.,3.2618
3720.,3.2249,3720.,0.0281,3720.,3.253
3760.,3.2146,3760.,0.0277,3760.,3.2423
3800.,3.2235,3800.,0.0252,3800.,3.2487
3840.,3.2132,3840.,0.0261,3840.,3.2393
3880.,3.2095,3880.,0.0244,3880.,3.2339
3920.,3.176,3920.,0.0254,3920.,3.2014
3960.,3.1295,3960.,0.0249,3960.,3.1544
4000.,3.1383,4000.,0.0264,4000.,3.1647
4040.,3.1152,4040.,0.0267,4040.,3.1419
4080.,3.0857,4080.,0.0277,4080.,3.1134
4120.,3.0552,4120.,0.028,4120.,3.0832
4160.,3.0516,4160.,0.0288,4160.,3.0804
4200.,3.0109,4200.,0.027,4200.,3.0379
4240.,2.992,4240.,0.0282,4240.,3.0202
4280.,2.9975,4280.,0.029,4280.,3.0265
4320.,2.9846,4320.,0.0293,4320.,3.0139
4360.,2.9727,4360.,0.0301,4360.,3.0028
4400.,2.9665,4400.,0.0303,4400.,2.9968
4440.,2.9393,4440.,0.0313,4440.,2.9706
4480.,2.9227,4480.,0.0325,4480.,2.9552
4520.,2.8991,4520.,0.0306,4520.,2.9297
4560.,2.8635,4560.,0.0273,4560.,2.8908
4600.,2.8591,4600.,0.0298,4600.,2.8889
4640.,2.8382,4640.,0.031,4640.,2.8692
4680.,2.8159,4680.,0.0278,4680.,2.8437
4720.,2.8011,4720.,0.0296,4720.,2.8307
4760.,2.7864,4760.,0.0287,4760.,2.8151
4800.,2.8096,4800.,0.0302,4800.,2.8398
4840.,2.8047,4840.,0.0316,4840.,2.8363
4880.,2.8161,4880.,0.0333,4880.,2.8494
4920.,2.8133,4920.,0.0351,4920.,2.8484
4960.,2.7907,4960.,0.0362,4960.,2.8269
5000.,2.7885,5000.,0.0373,5000.,2.8258
5040.,2.7817,5040.,0.0391,5040.,2.8208
5080.,2.7603,5080.,0.0398,5080.,2.8001
5120.,2.7284,5120.,0.0405,5120.,2.7689
5160.,2.7229,5160.,0.042,5160.,2.7649
5200.,2.7291,5200.,0.0426,5200.,2.7717
5240.,2.7275,5240.,0.0416,5240.,2.7691
5280.,2.7119,5280.,0.042,5280.,2.7539
5320.,2.7141,5320.,0.0382,5320.,2.7523
5360.,2.7061,5360.,0.0344,5360.,2.7405
5400.,2.7111,5400.,0.0328,5400.,2.7439
5440.,2.7056,5440.,0.0341,5440.,2.7397
5480.,2.731,5480.,0.0339,5480.,2.7649
5520.,2.7342,5520.,0.0348,5520.,2.769
5560.,2.7304,5560.,0.0325,5560.,2.7629
5600.,2.7253,5600.,0.0346,5600.,2.7599
5640.,2.7112,5640.,0.0366,5640.,2.7478
5680.,2.6675,5680.,0.0403,5680.,2.7078
5720.,2.6311,5720.,0.0417,5720.,2.6728
5760.,2.5983,5760.,0.0455,5760.,2.6438
5800.,2.5885,5800.,0.0471,5800.,2.6356
5840.,2.5918,5840.,0.0462,5840.,2.638
5880.,2.5839,5880.,0.0484,5880.,2.6323
5920.,2.5846,5920.,0.0503,5920.,2.6349
5960.,2.5713,5960.,0.0533,5960.,2.6246
6000.,2.558,6000.,0.0543,6000.,2.6123
6040.,2.5662,6040.,0.0567,6040.,2.6229
6080.,2.5699,6080.,0.0581,6080.,2.628
6120.,2.5558,6120.,0.0613,6120.,2.6171
6160.,2.5475,6160.,0.0632,6160.,2.6107
6200.,2.5537,6200.,0.0651,6200.,2.6188
6240.,2.5574,6240.,0.0649,6240.,2.6223
6280.,2.5478,6280.,0.064,6280.,2.6118
6320.,2.5365,6320.,0.0595,6320.,2.596
6360.,2.528,6360.,0.059,6360.,2.587
6400.,2.5105,6400.,0.0602,6400.,2.5707
6440.,2.5176,6440.,0.0608,6440.,2.5784
6480.,2.5039,6480.,0.0605,6480.,2.5644
6520.,2.521,6520.,0.0615,6520.,2.5825
6560.,2.5508,6560.,0.0622,6560.,2.613
6600.,2.5608,6600.,0.0626,6600.,2.6234
6640.,2.5861,6640.,0.063,6640.,2.6491
6680.,2.5843,6680.,0.0617,6680.,2.646
6720.,2.5764,6720.,0.0622,6720.,2.6386
6760.,2.5515,6760.,0.0605,6760.,2.612
6800.,2.5534,6800.,0.0601,6800.,2.6135
6840.,2.5696,6840.,0.0607,6840.,2.6303
6880.,2.5526,6880.,0.0591,6880.,2.6117
6920.,2.5437,6920.,0.0585,6920.,2.6022
6960.,2.5439,6960.,0.0587,6960.,2.6026
7000.,2.5267,7000.,0.0603,7000.,2.587
7040.,2.5103,7040.,0.0601,7040.,2.5704
7080.,2.492,7080.,0.0604,7080.,2.5524
7120.,2.4904,7120.,0.0604,7120.,2.5508
7160.,2.4978,7160.,0.0625,7160.,2.5603
7200.,2.4935,7200.,0.0592,7200.,2.5527
7240.,2.5042,7240.,0.0562,7240.,2.5604
7280.,2.5195,7280.,0.0528,7280.,2.5723
7320.,2.5228,7320.,0.0501,7320.,2.5729
7360.,2.5041,7360.,0.0523,7360.,2.5564
7400.,2.4996,7400.,0.0488,7400.,2.5484
7440.,2.4793,7440.,0.049,7440.,2.5283
7480.,2.4687,7480.,0.0496,7480.,2.5183
7520.,2.4652,7520.,0.0487,7520.,2.5139
7560.,2.4649,7560.,0.0493,7560.,2.5142
7600.,2.4588,7600.,0.0484,7600.,2.5072
7640.,2.4533,7640.,0.0465,7640.,2.4998
7680.,2.471,7680.,0.0462,7680.,2.5172
7720.,2.4572,7720.,0.0434,7720.,2.5006
7760.,2.4719,7760.,0.0408,7760.,2.5127
7800.,2.459,7800.,0.0403,7800.,2.4993
7840.,2.4652,7840.,0.0388,7840.,2.504
7880.,2.4685,7880.,0.0374,7880.,2.5059
7920.,2.4837,7920.,0.0348,7920.,2.5185
7960.,2.4824,7960.,0.034,7960.,2.5164
8000.,2.487,8000.,0.0346,8000.,2.5216
